<?xml version="1.0" encoding="UTF-8" standalone="yes"?>
<addon id="plugin.audio.swelle"
       name="Schwarze Welle"
       version="0.1"
       provider-name="Papandy">
  <requires>
    <import addon="xbmc.python" version="2.1.0"/>
  </requires>
  <extension point="xbmc.python.pluginsource"
            library="default.py">
        <provides>audio</provides>
  </extension>
  <extension point="xbmc.addon.metadata">
    <platform>all</platform>
	<summary> Radio Schwarze Welle</summary>
	<description> Radio Schwarze Welle</description>
  </extension>
</addon>