﻿<?xml version="1.0" encoding="UTF-8" standalone="yes"?>
<addon id="repository.myrepo" name="[COLOR red][B]my KODI Add-ons[/B][/COLOR]" version="1" provider-name="me">
	<extension point="xbmc.addon.repository" name="my Kodi Add-ons Repository">
		<info compressed="false">https://raw.githubusercontent.com/papandy/myprivate/main/addons.xml</info>
		<checksum>https://raw.githubusercontent.com/papandy/myprivate/main/addons.xml.md5</checksum>
		<datadir zip="true">https://raw.githubusercontent.com/papandy/myprivate/main/</datadir>
	</extension>
	<extension point="xbmc.addon.metadata">
		<summary>Install my Add-ons</summary>
		<description>Download and install addons</description>
		<platform>all</platform>
	</extension>
</addon>

