<?xml version="1.0" encoding="UTF-8" standalone="yes"?>
<addon id="plugin.video.tvone111" name="tvOne111" version="20" provider-name="RACC">
  <requires>
    <import addon="xbmc.python" version="2.25.0"/>
    <import addon="xbmc.addon" version="17.0.0"/>
    <import addon="script.module.pyamf" />
    <import addon="script.module.kodi-six" />
    <import addon="script.module.future" />
    <import addon="script.module.requests" />
    <import addon="script.module.routing" />
  </requires>
  <extension point="xbmc.python.pluginsource" library="addon.py">
    <provides>video</provides>
  </extension>
  <extension point="xbmc.addon.metadata">
    <reuselanguageinvoker>true</reuselanguageinvoker>
    <summary lang="en_gb">tvOne111</summary>
    <description lang="en_gb">tvOne111</description>
    <disclaimer lang="en_gb"></disclaimer>
    <language></language>
    <platform>all</platform>
    <license>GPL-3.0-only</license>
    <forum></forum>
    <website></website>
    <email></email>
    <source></source>
    <assets></assets>
  </extension>
</addon>
